﻿疯狂的外星人‎ (2019), 黄渤 , 沈腾 , 汤姆·派福瑞 , 马修·莫里森 , 徐峥 , 于和伟 , 雷佳音 , 刘桦
疯狂的石头‎ (2006), 郭涛 , 刘桦 , 连晋 , 黄渤 , 徐峥 , 优恵 , 罗兰  , 王迅
无人区‎ (2013), 徐峥 , 黄渤 , 余男 , 多布杰 , 王双宝 , 巴多 , 杨新鸣 , 郭虹
心花路放‎ (2014), 黄渤 , 徐峥 , 袁泉 , 周冬雨 , 陶慧 , 岳小军 , 沈腾 , 张俪
疯狂的赛车‎ (2009), 黄渤 , 戎祥 , 九孔 , 徐峥 , 王双宝 , 巴多 , 董立范 , 高捷
黄金大劫案‎ (2012), 雷佳音 , 陶虹 , 程媛媛 , 山崎敬一 , 郭涛 , 范伟 , 孙淳 , 刘桦
